-- ----------------------------
-- Create Table
-- ----------------------------

-- ----------------------------
-- Table structure for dict_action
-- ----------------------------
DROP TABLE IF EXISTS `dict_action`;
CREATE TABLE `dict_action` (
  `action_id` int(11) NOT NULL COMMENT '行为ID',
  `action_name` varchar(255) CHARACTER SET utf8 COLLATE utf8_general_ci DEFAULT NULL COMMENT '行为名称',
  `action_type_id` int(11) DEFAULT NULL COMMENT '行为类型ID',
  `level_req` int(11) DEFAULT NULL COMMENT '等级要求'
) ENGINE = InnoDB CHARACTER SET = utf8 COLLATE = utf8_general_ci ROW_FORMAT = Dynamic;

-- ----------------------------
-- Table structure for dict_action_type
-- ----------------------------
DROP TABLE IF EXISTS `dict_action_type`;
CREATE TABLE `dict_action_type` (
  `action_type_id` int(11) DEFAULT NULL COMMENT '行为类型ID',
  `action_type_name` varchar(255) CHARACTER SET utf8 COLLATE utf8_general_ci DEFAULT NULL COMMENT '行为类型名称'
) ENGINE = InnoDB CHARACTER SET = utf8 COLLATE = utf8_general_ci ROW_FORMAT = Dynamic;

-- ----------------------------
-- Table structure for dict_color
-- ----------------------------
DROP TABLE IF EXISTS `dict_color`;
CREATE TABLE `dict_color` (
  `color_id` int(11) DEFAULT NULL COMMENT '颜色id',
  `color_name` varchar(255) CHARACTER SET utf8 COLLATE utf8_general_ci DEFAULT NULL COMMENT '颜色名'
) ENGINE = InnoDB CHARACTER SET = utf8 COLLATE = utf8_general_ci ROW_FORMAT = Dynamic;

-- ----------------------------
-- Table structure for dict_item
-- ----------------------------
DROP TABLE IF EXISTS `dict_item`;
CREATE TABLE `dict_item` (
  `item_id` int(11) DEFAULT NULL COMMENT '道具ID',
  `item_name` varchar(255) CHARACTER SET utf8 COLLATE utf8_general_ci DEFAULT NULL COMMENT '道具名称',
  `item_type` int(11) DEFAULT NULL COMMENT '道具类型(普通道具记0，礼包记录礼包类型id, 商店1，神秘商店2)',
  `item_type_name` varchar(1024) CHARACTER SET utf8 COLLATE utf8_general_ci DEFAULT NULL COMMENT '道具类型名称(礼包类型名称)',
  `quality` int(11) DEFAULT NULL COMMENT '(1=白，2=绿，3=蓝，4=紫色，5=橙色，6=金色，7=黄色 ……)品质',
  `level_req` int(11) DEFAULT NULL COMMENT '使用等级要求'
) ENGINE = InnoDB CHARACTER SET = utf8 COLLATE = utf8_general_ci ROW_FORMAT = Dynamic;

-- ----------------------------
-- Table structure for dict_reason
-- ----------------------------
DROP TABLE IF EXISTS `dict_reason`;
CREATE TABLE `dict_reason` (
  `reason_id` int(11) DEFAULT NULL COMMENT '退出原因ID',
  `msg` varchar(255) CHARACTER SET utf8 COLLATE utf8_general_ci DEFAULT NULL COMMENT '退出原因描述'
) ENGINE = InnoDB CHARACTER SET = utf8 COLLATE = utf8_general_ci ROW_FORMAT = Dynamic;

-- ----------------------------
-- Table structure for dict_value_type
-- ----------------------------
DROP TABLE IF EXISTS `dict_value_type`;
CREATE TABLE `dict_value_type` (
  `value_type_id` tinyint(4) DEFAULT NULL COMMENT '值类型ID（1-非绑定元宝[充值兑换货币]，2-绑定元宝，3-非绑定金币[非充值兑换货币]，4-绑定金币，…5之后自定义）',
  `value_type_name` varchar(255) CHARACTER SET utf8 COLLATE utf8_general_ci DEFAULT NULL COMMENT '值类型名称',
  `oss_show` tinyint(255) DEFAULT NULL COMMENT '是否在运营支撑内展示，可不填，默认均为0'
) ENGINE = InnoDB CHARACTER SET = utf8 COLLATE = utf8_general_ci ROW_FORMAT = Dynamic;

-- ----------------------------
-- Table structure for dict_chat_channel
-- ----------------------------
DROP TABLE IF EXISTS `dict_chat_channel`;
CREATE TABLE `dict_chat_channel` (
  `channel_id` int(11) DEFAULT NULL COMMENT '频道id',
  `channel_name` varchar(255) CHARACTER SET utf8 COLLATE utf8_general_ci DEFAULT NULL COMMENT '频道名称'
) ENGINE = InnoDB CHARACTER SET = utf8 COLLATE = utf8_general_ci ROW_FORMAT = Dynamic;

-- ----------------------------
-- Table structure for dict_shop_type
-- ----------------------------
DROP TABLE IF EXISTS `dict_shop_type`;
CREATE TABLE `dict_shop_type` (
  `shop_type_id` int(11) DEFAULT NULL COMMENT '商城类型ID',
  `shop_type_name` varchar(255) CHARACTER SET utf8 COLLATE utf8_general_ci DEFAULT NULL COMMENT '商城类型名称'
) ENGINE = InnoDB CHARACTER SET = utf8 COLLATE = utf8_general_ci ROW_FORMAT = Dynamic;

-- ----------------------------
-- Table structure for dict_link_step
-- ----------------------------
DROP TABLE IF EXISTS `dict_link_step`;
CREATE TABLE `dict_link_step` (
  `step_id` int(11) NOT NULL COMMENT '步骤ID',
  `next_step_id` int(11) NOT NULL COMMENT '本步骤的下一个步骤ID',
  `step_name` varchar(255) CHARACTER SET utf8 COLLATE utf8_general_ci DEFAULT NULL COMMENT '本次步骤名称',
  `order_id` int(11) DEFAULT NULL COMMENT '顺序ID',
  `step_section` varchar(255) CHARACTER SET utf8 COLLATE utf8_general_ci DEFAULT NULL COMMENT '步骤所属的主任务阶段',
  `step_type` int(11) DEFAULT NULL COMMENT '任务类型，1代表主线任务、2代表强制引导、3代表支线'
) ENGINE = InnoDB CHARACTER SET = utf8 COLLATE = utf8_general_ci ROW_FORMAT = Dynamic;

-- ----------------------------
-- Insert Data
-- ----------------------------
INSERT INTO `dict_action_type` VALUES (1,'功能参与度字典'),(2,'物品商城购买字典'),(3,'道具产出与消耗字典'),(4,'货币变动字典'),(5,'副本字典'),(6,'道具流通字典(忽略，暂时与3冲突)'),(7,'地图字典'),(8,'事件字典'),(9,'活动字典'),(10,'战场字典'),(11,'战斗技能字典'),(12,'玩家竞技字典'),(13,'福利字典'),(14,'聊天频道字典'),(15,'SLG士兵字典'),(1500,'任务字典（1501可以代表主线任务，1502代表支线任务，以此类推）'),(1501,'主线任务'),(1502,'每日任务'),(1503,'成就任务'),(5100,'非运营活动字典');

INSERT INTO `dict_chat_channel` VALUES (1,'世界频道'),(2,'公会频道'),(3,'私聊频道');

INSERT INTO `dict_color` VALUES (1,'白色'),(2,'绿色'),(3,'蓝色'),(4,'紫色'),(5,'橙色'),(6,'红色');

INSERT INTO `dict_reason` VALUES (1,'下线(测试)'),(2,'玩家被踢下线(测试)'),(3,'防沉迷踢玩家下线(测试)'),(4,'帐号重复登陆(测试)'),(5,'客户端发了错误协议(测试)'),(6,'发包频率不对(测试)'),(7,'服务器踢玩家(测试)');

INSERT INTO `dict_shop_type` VALUES
(11,'道具商店'),
(12,'特惠限购'),
(13,'VIP限购'),
(21,'人才市场'),
(22,'猎头中心'),
(31,'豪车商店'),
(32,'涂装商店'),
(41,'流量商店'),
(51,'贡献商店'),
(52,'贸易商店'),
(61,'团建商店');

INSERT INTO `dict_value_type` VALUES 
(1,'钻石',0),
(2,'金币',0),
(3,'名望',0),
(4,'火力',0),
(5,'管理经验',0),
(6,'流量',0)
;

INSERT INTO `dict_action` VALUES
(101,'创角初始物品',3,0),
(101,'创角初始物品',4,0),
(102,'使用物品',3,0),
(102,'使用物品',4,0),
(103,'出售物品',3,0),
(103,'出售物品',4,0),
(104,'合成物品',3,0),
(104,'合成物品',4,0),
(201,'重复分解获得',3,0),
(201,'重复分解获得',4,0),
(202,'卡牌重置获得',3,0),
(202,'卡牌重置获得',4,0),
(203,'卡牌升级消耗',3,0),
(203,'卡牌升级消耗',4,0),
(204,'卡牌包装消耗',3,0),
(204,'卡牌包装消耗',4,0),
(205,'卡牌升星消耗',3,0),
(205,'卡牌升星消耗',4,0),
(206,'卡牌重置消耗',3,0),
(206,'卡牌重置消耗',4,0),
(207,'卡牌激活',3,0),
(207,'卡牌激活',4,0),
(301,'豪车重置获得',3,0),
(301,'豪车重置获得',4,0),
(302,'豪车出售获得',3,0),
(302,'豪车出售获得',4,0),
(303,'豪车升级消耗',3,0),
(303,'豪车升级消耗',4,0),
(304,'豪车改装消耗',3,0),
(304,'豪车改装消耗',4,0),
(305,'豪车合成',3,0),
(305,'豪车合成',4,0),
(306,'豪车快速合成',3,0),
(306,'豪车快速合成',4,0),
(401,'头衔升级获得',3,0),
(401,'头衔升级获得',4,0),
(402,'头衔每日奖励获得',3,0),
(402,'头衔每日奖励获得',4,0),
(403,'改名消耗',3,0),
(403,'改名消耗',4,0),
(501,'邮件附件获得',3,0),
(501,'邮件附件获得',4,0),
(601,'恢复次数获得',3,0),
(601,'恢复次数获得',4,0),
(602,'扣除恢复次数消耗',3,0),
(602,'扣除恢复次数消耗',4,0),
(701,'排行榜膜拜获得',3,0),
(701,'排行榜膜拜获得',4,0),
(801,'vip特权礼包获得',3,0),
(801,'vip特权礼包获得',4,0),
(901,'俱乐部升级获得',3,0),
(901,'俱乐部升级获得',4,0),
(902,'俱乐部主播赠礼获得',3,0),
(902,'俱乐部主播赠礼获得',4,0),
(903,'俱乐部主播亲密度奖励获得',3,0),
(903,'俱乐部主播亲密度奖励获得',4,0),
(904,'俱乐部购买明信片获得',3,0),
(904,'俱乐部购买明信片获得',4,0),
(905,'俱乐部升级消耗',3,0),
(905,'俱乐部升级消耗',4,0),
(906,'俱乐部主播赠礼消耗',3,0),
(906,'俱乐部主播赠礼消耗',4,0),
(907,'俱乐部重置赠礼次数消耗',3,0),
(907,'俱乐部重置赠礼次数消耗',4,0),
(908,'俱乐部购买明信片消耗',3,0),
(908,'俱乐部购买明信片消耗',4,0),
(1001,'副本选择事件获得',3,0),
(1001,'副本选择事件获得',4,0),
(1002,'副本领取奖励获得',3,0),
(1002,'副本领取奖励获得',4,0),
(1003,'副本战斗结束获得',3,0),
(1003,'副本战斗结束获得',4,0),
(1004,'副本打赏',3,0),
(1004,'副本打赏',4,0),
(1005,'副本选择事件',3,0),
(1005,'副本选择事件',4,0),
(1101,'团建领取阶层奖励获得',3,0),
(1101,'团建领取阶层奖励获得',4,0),
(1102,'团建战斗结束奖励',3,0),
(1102,'团建战斗结束奖励',4,0),
(1103,'团建行动消耗',3,0),
(1103,'团建行动消耗',4,0),
(1104,'团建重试战斗消耗',3,0),
(1104,'团建重试战斗消耗',4,0),
(1105,'团建购买buff消耗',3,0),
(1105,'团建购买buff消耗',4,0),
(1106,'团建购买次数消耗',3,0),
(1106,'团建购买次数消耗',4,0),
(1107,'团建购买次数获得',3,0),
(1107,'团建购买次数获得',4,0),
(1108,'团建开始消耗',3,0),
(1108,'团建开始消耗',4,0),
(1201,'上次投资奖励获得',3,0),
(1201,'上次投资奖励获得',4,0),
(1202,'领取投资奖励',3,0),
(1202,'领取投资奖励',4,0),
(1203,'投资列表刷新消耗',3,0),
(1203,'投资列表刷新消耗',4,0),
(1204,'投资进度',3,0),
(1204,'投资进度',4,0),
(1301,'直播间感谢奖励获得',3,0),
(1301,'直播间感谢奖励获得',4,0),
(1302,'直播间派遣事件获得',3,0),
(1302,'直播间派遣事件获得',4,0),
(1303,'直播间选择事件获得',3,0),
(1303,'直播间选择事件获得',4,0),
(1304,'直播间平台升级获得',3,0),
(1304,'直播间平台升级获得',4,0),
(1305,'直播间开通平台消耗',3,0),
(1305,'直播间开通平台消耗',4,0),
(1306,'直播间平台升级消耗',3,0),
(1306,'直播间平台升级消耗',4,0),
(1307,'直播间招募管理员消耗',3,0),
(1307,'直播间招募管理员消耗',4,0),
(1308,'直播间推销事件',3,0),
(1308,'直播间推销事件',4,0),
(1401,'神秘商店购买获得',3,0),
(1401,'神秘商店购买获得',4,0),
(1402,'直营店购买获得',3,0),
(1402,'直营店购买获得',4,0),
(1403,'临时商店购买获得',3,0),
(1403,'临时商店购买获得',4,0),
(1404,'付费商店刷新消耗',3,0),
(1404,'付费商店刷新消耗',4,0),
(1405,'神秘商店购买消耗',3,0),
(1405,'神秘商店购买消耗',4,0),
(1406,'直营商店购买消耗',3,0),
(1406,'直营商店购买消耗',4,0),
(1407,'临时商店购买消耗',3,0),
(1407,'临时商店购买消耗',4,0),
(1501,'特邀派送获得',3,0),
(1501,'特邀派送获得',4,0),
(1502,'特邀派送补领',3,0),
(1502,'特邀派送补领',4,0),
(1601,'完成任务奖励获得',3,0),
(1601,'完成任务奖励获得',4,0),
(1602,'任务活跃度奖励获得',3,0),
(1602,'任务活跃度奖励获得',4,0),
(1603,'成就点数奖励获得',3,0),
(1603,'成就点数奖励获得',4,0),
(1701,'车展抢单获得',3,0),
(1701,'车展抢单获得',4,0),
(1702,'参展消耗',3,0),
(1702,'参展消耗',4,0),
(1703,'车展购买buff消耗',3,0),
(1703,'车展购买buff消耗',4,0),
(1704,'车展推荐消耗',3,0),
(1704,'车展推荐消耗',4,0),
(1705,'车展购买次数消耗',3,0),
(1705,'车展购买次数消耗',4,0),
(1706,'结束参展',3,0),
(1706,'结束参展',4,0),
(1801,'每日签到获得',3,0),
(1801,'每日签到获得',4,0),
(1802,'补签',3,0),
(1802,'补签',4,0),
(1803,'七日登录奖励获得',3,0),
(1803,'七日登录奖励获得',4,0),
(1804,'月卡每日奖励获得',3,0),
(1804,'月卡每日奖励获得',4,0),
(1805,'累积充值获得',3,0),
(1805,'累积充值获得',4,0),
(1806,'每日充值获得',3,0),
(1806,'每日充值获得',4,0),
(1807,'累天充值获得',3,0),
(1807,'累天充值获得',4,0),
(1808,'付费特惠奖励获得',3,0),
(1808,'付费特惠奖励获得',4,0),
(1809,'免费特惠奖励获得',3,0),
(1809,'免费特惠奖励获得',4,0),
(1810,'领取首充奖励',3,0),
(1810,'领取首充奖励',4,0),
(1811,'0元礼包每日奖励获得',3,0),
(1811,'0元礼包每日奖励获得',4,0),
(1812,'0元礼包奖励获得',3,0),
(1812,'0元礼包奖励获得',4,0),
(1813,'幸运转盘获得',3,0),
(1813,'幸运转盘获得',4,0),
(1814,'幸运转盘消耗',3,0),
(1814,'幸运转盘消耗',4,0),
(1815,'购买投资计划活动消耗',3,0),
(1815,'购买投资计划活动消耗',4,0),
(1901,'流量为王挑战奖励获得',3,0),
(1901,'流量为王挑战奖励获得',4,0),
(1902,'流量为王扫荡奖励获得',3,0),
(1902,'流量为王扫荡奖励获得',4,0),
(1903,'流量为王离线奖励获得',3,0),
(1903,'流量为王离线奖励获得',4,0),
(1904,'流量为王购买流量券获得',3,0),
(1904,'流量为王购买流量券获得',4,0),
(1905,'流量为王挑战奖励消耗',3,0),
(1905,'流量为王挑战奖励消耗',4,0),
(1906,'流量为王扫荡奖励消耗',3,0),
(1906,'流量为王扫荡奖励消耗',4,0),
(1907,'流量为王购买流量券消耗',3,0),
(1907,'流量为王购买流量券消耗',4,0),
(2001,'公会建设宝箱奖励',3,0),
(2001,'公会建设宝箱奖励',4,0),
(2002,'公会创建消耗',3,0),
(2002,'公会创建消耗',4,0),
(2003,'公会改名消耗',3,0),
(2003,'公会改名消耗',4,0),
(2004,'公会建设消耗',3,0),
(2004,'公会建设消耗',4,0),
(2005,'公会科技升级消耗',3,0),
(2005,'公会科技升级消耗',4,0),
(2101,'全球项目捐献获得',3,0),
(2101,'全球项目捐献获得',4,0),
(2102,'全球项目谈判获得',3,0),
(2102,'全球项目谈判获得',4,0),
(2103,'全球项目运营卸下自己奖励获得',3,0),
(2103,'全球项目运营卸下自己奖励获得',4,0),
(2104,'全球项目捐献现金消耗',3,0),
(2104,'全球项目捐献现金消耗',4,0),
(2105,'全球项目捐献钻石消耗',3,0),
(2105,'全球项目捐献钻石消耗',4,0),
(2106,'全球项目购买谈判次数消耗',3,0),
(2106,'全球项目购买谈判次数消耗',4,0),
(2201,'火力全开消耗',3,0),
(2201,'火力全开消耗',4,0),
(2301,'充值钻石获得',3,0),
(2301,'充值钻石获得',4,0),
(10001,'充值钻石(GM)获得',3,0),
(10001,'充值钻石(GM)获得',4,0),
(10002,'GM物品',3,0),
(10002,'GM物品',4,0),
(10003,'GM扣钱',3,0),
(10003,'GM扣钱',4,0),
(10004,'GM增加恢复次数',3,0),
(10004,'GM增加恢复次数',4,0),
(10005,'GM扣除恢复次数',3,0),
(10005,'GM扣除恢复次数',4,0);


